{"cameraMode":{"drawMode":0,"name":"Shaded","section":"Shading Mode"},"sceneLighting":true,"audioPlay":false,"sceneViewState":{"showFog":true,"showMaterialUpdate":true,"showSkybox":false,"showFlares":true,"showImageEffects":true,"showParticleSystems":true},"in2DMode":false,"pivot":{"x":-46.04460906982422,"y":19.381004333496095,"z":-13.743118286132813},"rotation":{"x":-0.23994679749011994,"y":0.13691699504852296,"z":-0.03420395031571388,"w":-0.9604775905609131},"size":89.88141632080078,"orthographic":false}