{"cameraMode":{"drawMode":0,"name":"Shaded","section":"Shading Mode"},"sceneLighting":true,"audioPlay":false,"sceneViewState":{"showFog":true,"showMaterialUpdate":true,"showSkybox":true,"showFlares":true,"showImageEffects":true,"showParticleSystems":true},"in2DMode":false,"pivot":{"x":-2.2807273864746095,"y":2.846163749694824,"z":-2.242081642150879},"rotation":{"x":-0.12231781333684921,"y":0.8760929107666016,"z":-0.300386905670166,"w":-0.3567464053630829},"size":20.898250579833986,"orthographic":false}